{"learning_curve": [0.06512784, 0.048678987, 0.04284691, 0.047646564, 0.042397834, 0.039641045, 0.05169377, 0.055189054, 0.03835171, 0.045122765, 0.04706725, 0.050184593], "num_filters": 35, "lr": 0.0845279984263037, "batch_size": 27, "test_error": 0.035174693912267685, "filter_size": 4}
