{"batch_size": 128, "num_filters": 16, "test_error": 0.28961530327796936, "learning_curve": [2.216508626937866, 2.0014822483062744, 1.348107933998108, 0.7488689422607422, 0.5415574312210083, 0.4500771164894104, 0.39646878838539124, 0.36346134543418884, 0.3365723192691803, 0.316416472196579, 0.2998262345790863, 0.2817024886608124], "lr": 0.001, "filter_size": 7}