{"learning_curve": [2.2474377155303955, 2.13683819770813, 1.8778698444366455, 1.3132596015930176, 0.8115324974060059, 0.593619704246521, 0.4916585087776184, 0.43568211793899536, 0.3985617458820343, 0.37352100014686584, 0.3530508279800415, 0.336868554353714], "batch_size": 128, "lr": 0.001, "num_filters": 16, "filter_size": 3, "test_error": 0.35412412881851196}