{"lr": 0.0001, "num_filters": 16, "filter_size": 3, "batch_size": 128, "learning_curve": [2.3234546184539795, 2.3125529289245605, 2.3029704093933105, 2.2942471504211426, 2.2861058712005615, 2.278330087661743, 2.270733594894409, 2.263165235519409, 2.255502939224243, 2.247633934020996, 2.2394320964813232, 2.2308578491210938], "test_error": 2.2350680828094482}