{"learning_curve": [0.1272328943014145, 0.09055659919977188, 0.0712144747376442, 0.0626978948712349, 0.0687391459941864, 0.05962967127561569, 0.05591363087296486, 0.05502080172300339, 0.05334059149026871, 0.05527083948254585, 0.05373156815767288, 0.056332483887672424], "num_filters": 16, "lr": 0.1, "batch_size": 128, "test_error": 0.04750208184123039, "filter_size": 3}