{"num_filters": 16, "batch_size": 128, "test_error": 0.3545321822166443, "learning_curve": [2.2474253177642822, 2.136836290359497, 1.87774658203125, 1.3125749826431274, 0.8117045164108276, 0.5942274928092957, 0.49138736724853516, 0.4344070553779602, 0.39766281843185425, 0.37344977259635925, 0.3532794117927551, 0.3382716476917267], "lr": 0.001, "filter_size": 3}