{"lr": 0.001, "test_error": 0.2904382348060608, "filter_size": 5, "num_filters": 16, "batch_size": 128, "learning_curve": [2.2636959552764893, 2.1589903831481934, 1.8592140674591064, 1.1550780534744263, 0.6772634983062744, 0.49809029698371887, 0.41325643658638, 0.36517301201820374, 0.33352532982826233, 0.3109208941459656, 0.29443201422691345, 0.2780398726463318]}