{"batch_size": 128, "num_filters": 16, "test_error": 1.1198300123214722, "lr": 0.001, "learning_curve": [2.2900986671447754, 2.2769291400909424, 2.260540246963501, 2.238044500350952, 2.2052924633026123, 2.156329870223999, 2.0816047191619873, 1.9666929244995117, 1.7950445413589478, 1.5639688968658447, 1.3118107318878174, 1.0973128080368042], "filter_size": 1}