{"num_filters": 16, "batch_size": 128, "filter_size": 3, "test_error": 0.09625638276338577, "learning_curve": [0.4005616307258606, 0.27943527698516846, 0.22959740459918976, 0.1997450292110443, 0.1722874492406845, 0.15201784670352936, 0.1367996633052826, 0.12801788747310638, 0.11877799779176712, 0.11014176905155182, 0.10060162842273712, 0.09978227317333221], "lr": 0.01}